"","FIPS","stateName","countyName","ccvi"
"1",17031010100,"ILLINOIS","Cook","0.93761516188470695"
"2",17031010201,"ILLINOIS","Cook","0.91899530347321301"
"3",17031010202,"ILLINOIS","Cook","0.99602388440171197"
"4",17031010300,"ILLINOIS","Cook","0.98018869231515204"
"5",17031010400,"ILLINOIS","Cook","0.56273811667890405"
"6",17031010501,"ILLINOIS","Cook","0.64849475623779096"
"7",17031010502,"ILLINOIS","Cook","0.69576481345506402"
"8",17031010503,"ILLINOIS","Cook","0.691941092531276"
"9",17031010600,"ILLINOIS","Cook","0.92837450298555002"
"10",17031010701,"ILLINOIS","Cook","0.77916626258987798"
"11",17031010702,"ILLINOIS","Cook","0.88232360316426806"
"12",17031020100,"ILLINOIS","Cook","0.78541444424433005"
"13",17031020200,"ILLINOIS","Cook","0.92060237458611005"
"14",17031020301,"ILLINOIS","Cook","0.77060445269530797"
"15",17031020302,"ILLINOIS","Cook","0.88266995469721998"
"16",17031020400,"ILLINOIS","Cook","0.84013798645072801"
"17",17031020500,"ILLINOIS","Cook","0.99343317493523198"
"18",17031020601,"ILLINOIS","Cook","0.86506144276194596"
"19",17031020602,"ILLINOIS","Cook","0.82270957731258898"
"20",17031020701,"ILLINOIS","Cook","0.49215167426331002"
"21",17031020702,"ILLINOIS","Cook","0.96065446585666603"
"22",17031020801,"ILLINOIS","Cook","0.85769108214072998"
"23",17031020802,"ILLINOIS","Cook","0.85654119505132897"
"24",17031020901,"ILLINOIS","Cook","0.80517033568390595"
"25",17031020902,"ILLINOIS","Cook","0.88685388121527797"
"26",17031030101,"ILLINOIS","Cook","0.75687507792909503"
"27",17031030102,"ILLINOIS","Cook","0.650212659841232"
"28",17031030103,"ILLINOIS","Cook","0.56420664717862001"
"29",17031030104,"ILLINOIS","Cook","0.64745570163893496"
"30",17031030200,"ILLINOIS","Cook","0.44112716642883898"
"31",17031030300,"ILLINOIS","Cook","0.83423615632922798"
"32",17031030400,"ILLINOIS","Cook","0.713913633781743"
"33",17031030500,"ILLINOIS","Cook","0.71689225696512904"
"34",17031030601,"ILLINOIS","Cook","0.97103115778390403"
"35",17031030603,"ILLINOIS","Cook","0.63882462143777496"
"36",17031030604,"ILLINOIS","Cook","0.63227165043432498"
"37",17031030701,"ILLINOIS","Cook","0.82554965988279505"
"38",17031030702,"ILLINOIS","Cook","0.64023773569221798"
"39",17031030703,"ILLINOIS","Cook","0.80389576204264301"
"40",17031030706,"ILLINOIS","Cook","0.70260871974619399"
"41",17031030800,"ILLINOIS","Cook","0.66901262104986103"
"42",17031030900,"ILLINOIS","Cook","0.63968357323949498"
"43",17031031000,"ILLINOIS","Cook","0.46243471273603898"
"44",17031031100,"ILLINOIS","Cook","0.61325002424460695"
"45",17031031200,"ILLINOIS","Cook","0.99142433604411095"
"46",17031031300,"ILLINOIS","Cook","0.90770424349898204"
"47",17031031400,"ILLINOIS","Cook","0.52346185284216096"
"48",17031031501,"ILLINOIS","Cook","0.98881977251631303"
"49",17031031502,"ILLINOIS","Cook","0.86643299483243497"
"50",17031031700,"ILLINOIS","Cook","0.85850847175849598"
"51",17031031800,"ILLINOIS","Cook","0.35192086560175101"
"52",17031031900,"ILLINOIS","Cook","0.47290838309250399"
"53",17031032100,"ILLINOIS","Cook","0.75048835566146199"
"54",17031040100,"ILLINOIS","Cook","0.665147337942118"
"55",17031040201,"ILLINOIS","Cook","0.48615286571258398"
"56",17031040202,"ILLINOIS","Cook","0.91604438841246305"
"57",17031040300,"ILLINOIS","Cook","0.67911223175073798"
"58",17031040401,"ILLINOIS","Cook","0.42340782200302002"
"59",17031040402,"ILLINOIS","Cook","0.389326831160555"
"60",17031040600,"ILLINOIS","Cook","0.285158144109946"
"61",17031040700,"ILLINOIS","Cook","0.42450229284714802"
"62",17031040800,"ILLINOIS","Cook","0.45455175184605401"
"63",17031040900,"ILLINOIS","Cook","0.30803119934608802"
"64",17031050100,"ILLINOIS","Cook","0.25724221055402402"
"65",17031050200,"ILLINOIS","Cook","0.36864271761266798"
"66",17031050300,"ILLINOIS","Cook","0.52576162702096096"
"67",17031050500,"ILLINOIS","Cook","0.31197960682173997"
"68",17031050600,"ILLINOIS","Cook","0.158559731785373"
"69",17031050700,"ILLINOIS","Cook","0.117246920934872"
"70",17031050800,"ILLINOIS","Cook","0.22992200163477899"
"71",17031050900,"ILLINOIS","Cook","0.34675330073010902"
"72",17031051000,"ILLINOIS","Cook","0.371593632673418"
"73",17031051100,"ILLINOIS","Cook","0.32389409955528498"
"74",17031051200,"ILLINOIS","Cook","0.20879455812471401"
"75",17031051300,"ILLINOIS","Cook","0.11370028123744499"
"76",17031051400,"ILLINOIS","Cook","0.34636538701320302"
"77",17031060100,"ILLINOIS","Cook","0.23777725440212799"
"78",17031060200,"ILLINOIS","Cook","0.52023385655504895"
"79",17031060300,"ILLINOIS","Cook","0.16500187029827801"
"80",17031060400,"ILLINOIS","Cook","0.174865961956748"
"81",17031060500,"ILLINOIS","Cook","0.68594228398054902"
"82",17031060800,"ILLINOIS","Cook","0.21971155844335799"
"83",17031060900,"ILLINOIS","Cook","0.34327593133927198"
"84",17031061000,"ILLINOIS","Cook","0.24478740942907401"
"85",17031061100,"ILLINOIS","Cook","0.10796469985176201"
"86",17031061200,"ILLINOIS","Cook","0.17431179950402501"
"87",17031061500,"ILLINOIS","Cook","0.18105872736592701"
"88",17031061800,"ILLINOIS","Cook","0.31235366647732798"
"89",17031061901,"ILLINOIS","Cook","0.34806943655532602"
"90",17031061902,"ILLINOIS","Cook","0.33064102741718698"
"91",17031062000,"ILLINOIS","Cook","0.14226735567531601"
"92",17031062100,"ILLINOIS","Cook","0.35136670314902801"
"93",17031062200,"ILLINOIS","Cook","0.11367257311480899"
"94",17031062300,"ILLINOIS","Cook","9.3085437996148601E-2"
"95",17031062400,"ILLINOIS","Cook","0.26159238580790001"
"96",17031062500,"ILLINOIS","Cook","0.22021030465080799"
"97",17031062600,"ILLINOIS","Cook","0.21626189717515701"
"98",17031062700,"ILLINOIS","Cook","0.206771865172275"
"99",17031062800,"ILLINOIS","Cook","0.184120474917222"
"100",17031062900,"ILLINOIS","Cook","0.142198085368726"
"101",17031063000,"ILLINOIS","Cook","0.26482038209501102"
"102",17031063100,"ILLINOIS","Cook","0.21472409636885101"
"103",17031063200,"ILLINOIS","Cook","0.44359318934345598"
"104",17031063301,"ILLINOIS","Cook","0.54623792964907703"
"105",17031063302,"ILLINOIS","Cook","0.16752330945816801"
"106",17031063303,"ILLINOIS","Cook","0.54026682922098601"
"107",17031063400,"ILLINOIS","Cook","0.28748562641138198"
"108",17031070101,"ILLINOIS","Cook","0.28688990177470503"
"109",17031070102,"ILLINOIS","Cook","0.53446197752871205"
"110",17031070103,"ILLINOIS","Cook","0.234008949723611"
"111",17031070200,"ILLINOIS","Cook","0.46545489810337898"
"112",17031070300,"ILLINOIS","Cook","0.14237818816586101"
"113",17031070400,"ILLINOIS","Cook","0.29923387040910998"
"114",17031070500,"ILLINOIS","Cook","0.645876338648675"
"115",17031070600,"ILLINOIS","Cook","0.120336376608803"
"116",17031070700,"ILLINOIS","Cook","0.52150843019631199"
"117",17031071000,"ILLINOIS","Cook","0.32346462365442402"
"118",17031071100,"ILLINOIS","Cook","0.30440143528075297"
"119",17031071200,"ILLINOIS","Cook","0.21628960529779301"
"120",17031071300,"ILLINOIS","Cook","0.26903201673570598"
"121",17031071400,"ILLINOIS","Cook","0.34284645543841202"
"122",17031071500,"ILLINOIS","Cook","0.14232277192058901"
"123",17031071600,"ILLINOIS","Cook","0.28939748687327699"
"124",17031071700,"ILLINOIS","Cook","0.28249816433687502"
"125",17031071800,"ILLINOIS","Cook","0.20788019007772099"
"126",17031080100,"ILLINOIS","Cook","0.20426428007370401"
"127",17031080201,"ILLINOIS","Cook","0.109738019700475"
"128",17031080202,"ILLINOIS","Cook","0.111829982959505"
"129",17031080300,"ILLINOIS","Cook","0.26137072082681001"
"130",17031080400,"ILLINOIS","Cook","0.61599312838558595"
"131",17031081000,"ILLINOIS","Cook","0.69278619027167798"
"132",17031081100,"ILLINOIS","Cook","0.42872778154916102"
"133",17031081201,"ILLINOIS","Cook","0.43897978692453699"
"134",17031081202,"ILLINOIS","Cook","0.19931838018315101"
"135",17031081300,"ILLINOIS","Cook","0.279505687092171"
"136",17031081401,"ILLINOIS","Cook","0.30429060279020798"
"137",17031081402,"ILLINOIS","Cook","0.22083373741012199"
"138",17031081403,"ILLINOIS","Cook","0.127803715659246"
"139",17031081500,"ILLINOIS","Cook","0.18010279713498001"
"140",17031081600,"ILLINOIS","Cook","0.21332483617572501"
"141",17031081700,"ILLINOIS","Cook","0.33842700987794599"
"142",17031081800,"ILLINOIS","Cook","0.125587065848353"
"143",17031081900,"ILLINOIS","Cook","0.51336224214128401"
"144",17031090100,"ILLINOIS","Cook","0.273354483866946"
"145",17031090200,"ILLINOIS","Cook","0.162868344855294"
"146",17031090300,"ILLINOIS","Cook","9.4512406311910296E-2"
"147",17031100100,"ILLINOIS","Cook","0.51541264321635905"
"148",17031100200,"ILLINOIS","Cook","0.56873692522963104"
"149",17031100300,"ILLINOIS","Cook","0.54097338634820802"
"150",17031100400,"ILLINOIS","Cook","0.33560078136905802"
"151",17031100500,"ILLINOIS","Cook","0.31594186835870902"
"152",17031100600,"ILLINOIS","Cook","0.37108103240464901"
"153",17031100700,"ILLINOIS","Cook","0.44636400160707101"
"154",17031110100,"ILLINOIS","Cook","0.55665618376026904"
"155",17031110200,"ILLINOIS","Cook","0.77768387802884398"
"156",17031110300,"ILLINOIS","Cook","0.62422244080852296"
"157",17031110400,"ILLINOIS","Cook","0.57528989623308102"
"158",17031110501,"ILLINOIS","Cook","0.532370014269683"
"159",17031110502,"ILLINOIS","Cook","0.561532813344232"
"160",17031120100,"ILLINOIS","Cook","0.122137404580153"
"161",17031120200,"ILLINOIS","Cook","0.31598343054266398"
"162",17031120300,"ILLINOIS","Cook","0.369446253169117"
"163",17031120400,"ILLINOIS","Cook","0.50930300217508795"
"164",17031130100,"ILLINOIS","Cook","0.70812263615078797"
"165",17031130200,"ILLINOIS","Cook","0.62283703467671503"
"166",17031130300,"ILLINOIS","Cook","0.841357143846719"
"167",17031140100,"ILLINOIS","Cook","0.83728404981920401"
"168",17031140200,"ILLINOIS","Cook","0.95810531857414005"
"169",17031140301,"ILLINOIS","Cook","0.89559579390698396"
"170",17031140302,"ILLINOIS","Cook","0.98401241323894095"
"171",17031140400,"ILLINOIS","Cook","0.52321247973843499"
"172",17031140500,"ILLINOIS","Cook","0.77492691982654704"
"173",17031140601,"ILLINOIS","Cook","0.80438065418877502"
"174",17031140602,"ILLINOIS","Cook","0.85422756681121104"
"175",17031140701,"ILLINOIS","Cook","0.818678045469029"
"176",17031140702,"ILLINOIS","Cook","0.88178329477286299"
"177",17031140800,"ILLINOIS","Cook","0.58448899294828305"
"178",17031150200,"ILLINOIS","Cook","0.66402515897535397"
"179",17031150300,"ILLINOIS","Cook","0.55987032598606301"
"180",17031150401,"ILLINOIS","Cook","0.69117911915878105"
"181",17031150402,"ILLINOIS","Cook","0.51549576758426696"
"182",17031150501,"ILLINOIS","Cook","0.61801582133802502"
"183",17031150502,"ILLINOIS","Cook","0.80602928748562597"
"184",17031150600,"ILLINOIS","Cook","0.631869882656101"
"185",17031150700,"ILLINOIS","Cook","0.72369460107230399"
"186",17031150800,"ILLINOIS","Cook","0.740264058408723"
"187",17031151001,"ILLINOIS","Cook","0.77890303542483497"
"188",17031151002,"ILLINOIS","Cook","0.83810143943697102"
"189",17031151100,"ILLINOIS","Cook","0.84731439021349098"
"190",17031151200,"ILLINOIS","Cook","0.76003380390961595"
"191",17031160100,"ILLINOIS","Cook","0.67408320749227602"
"192",17031160200,"ILLINOIS","Cook","0.40248818941272602"
"193",17031160300,"ILLINOIS","Cook","0.82719829317964599"
"194",17031160400,"ILLINOIS","Cook","0.657846247627492"
"195",17031160501,"ILLINOIS","Cook","0.72485834222302303"
"196",17031160502,"ILLINOIS","Cook","0.74106759396517097"
"197",17031160601,"ILLINOIS","Cook","0.627201063991909"
"198",17031160602,"ILLINOIS","Cook","0.499037142738394"
"199",17031160700,"ILLINOIS","Cook","0.87132347847771596"
"200",17031160800,"ILLINOIS","Cook","0.63247946135409605"
"201",17031160900,"ILLINOIS","Cook","0.45602028234577002"
"202",17031161000,"ILLINOIS","Cook","0.490032002881645"
"203",17031161100,"ILLINOIS","Cook","0.33576703010487502"
"204",17031161200,"ILLINOIS","Cook","0.66378963993294604"
"205",17031161300,"ILLINOIS","Cook","0.94988986021252098"
"206",17031170100,"ILLINOIS","Cook","0.88268380875853802"
"207",17031170200,"ILLINOIS","Cook","0.527922860586581"
"208",17031170300,"ILLINOIS","Cook","0.62713179368531902"
"209",17031170400,"ILLINOIS","Cook","0.55226444632243898"
"210",17031170500,"ILLINOIS","Cook","0.409858550033942"
"211",17031170600,"ILLINOIS","Cook","0.37967055042185599"
"212",17031170700,"ILLINOIS","Cook","0.57456948504454097"
"213",17031170800,"ILLINOIS","Cook","0.59741483215804703"
"214",17031170900,"ILLINOIS","Cook","0.57274074895055505"
"215",17031171000,"ILLINOIS","Cook","0.78389049749934203"
"216",17031171100,"ILLINOIS","Cook","0.50002078109197701"
"217",17031180100,"ILLINOIS","Cook","0.94414042476551996"
"218",17031190100,"ILLINOIS","Cook","0.90777351380557203"
"219",17031190200,"ILLINOIS","Cook","0.84106620855903902"
"220",17031190300,"ILLINOIS","Cook","0.82387331846330703"
"221",17031190401,"ILLINOIS","Cook","0.84487607542151"
"222",17031190402,"ILLINOIS","Cook","0.83812914755960699"
"223",17031190601,"ILLINOIS","Cook","0.81671076876186299"
"224",17031190602,"ILLINOIS","Cook","0.98668624707332997"
"225",17031190701,"ILLINOIS","Cook","0.89570662639752796"
"226",17031190702,"ILLINOIS","Cook","0.90353417104224099"
"227",17031190800,"ILLINOIS","Cook","0.88279464124908202"
"228",17031190900,"ILLINOIS","Cook","0.85323007439630905"
"229",17031191000,"ILLINOIS","Cook","0.84627533561463497"
"230",17031191100,"ILLINOIS","Cook","0.83984705116304803"
"231",17031191200,"ILLINOIS","Cook","0.85137363017968704"
"232",17031191301,"ILLINOIS","Cook","0.869259223341323"
"233",17031191302,"ILLINOIS","Cook","0.821642814591097"
"234",17031200100,"ILLINOIS","Cook","0.79203668555437001"
"235",17031200200,"ILLINOIS","Cook","0.842950360898297"
"236",17031200300,"ILLINOIS","Cook","0.83513667031490302"
"237",17031200401,"ILLINOIS","Cook","0.87809811446225505"
"238",17031200402,"ILLINOIS","Cook","0.80068161981684904"
"239",17031210100,"ILLINOIS","Cook","0.71590861861154598"
"240",17031210400,"ILLINOIS","Cook","0.97657278231113498"
"241",17031210501,"ILLINOIS","Cook","0.83037087322148495"
"242",17031210502,"ILLINOIS","Cook","0.84354608553497501"
"243",17031210601,"ILLINOIS","Cook","0.77291808093542602"
"244",17031210602,"ILLINOIS","Cook","0.73238109751873803"
"245",17031210700,"ILLINOIS","Cook","0.72072983195023599"
"246",17031210800,"ILLINOIS","Cook","0.58307587869383903"
"247",17031210900,"ILLINOIS","Cook","0.58357462490128997"
"248",17031220300,"ILLINOIS","Cook","0.484268713373325"
"249",17031220400,"ILLINOIS","Cook","0.440503733669525"
"250",17031220500,"ILLINOIS","Cook","0.32942187002119699"
"251",17031220601,"ILLINOIS","Cook","0.55068508333217903"
"252",17031220602,"ILLINOIS","Cook","0.71157229741898798"
"253",17031220701,"ILLINOIS","Cook","0.73362796303736399"
"254",17031220702,"ILLINOIS","Cook","0.78537288206037603"
"255",17031220901,"ILLINOIS","Cook","0.82826505590113697"
"256",17031220902,"ILLINOIS","Cook","0.73980687438522597"
"257",17031221000,"ILLINOIS","Cook","0.80953436499909903"
"258",17031221100,"ILLINOIS","Cook","0.96392402432773205"
"259",17031221200,"ILLINOIS","Cook","0.55468890705310303"
"260",17031221300,"ILLINOIS","Cook","0.77059059863399004"
"261",17031221400,"ILLINOIS","Cook","0.60662778293456698"
"262",17031221500,"ILLINOIS","Cook","0.57207575400728705"
"263",17031221600,"ILLINOIS","Cook","0.19241905764674899"
"264",17031222200,"ILLINOIS","Cook","0.29826408611684502"
"265",17031222500,"ILLINOIS","Cook","0.71276374669234299"
"266",17031222600,"ILLINOIS","Cook","0.55890054169379799"
"267",17031222700,"ILLINOIS","Cook","0.74213435668666305"
"268",17031222800,"ILLINOIS","Cook","0.78423684903229396"
"269",17031222900,"ILLINOIS","Cook","0.77139413419043801"
"270",17031230100,"ILLINOIS","Cook","0.73540128288607798"
"271",17031230200,"ILLINOIS","Cook","0.95433701389562398"
"272",17031230300,"ILLINOIS","Cook","0.85870242861694901"
"273",17031230400,"ILLINOIS","Cook","0.86187500865878797"
"274",17031230500,"ILLINOIS","Cook","0.96294038597414799"
"275",17031230600,"ILLINOIS","Cook","0.95559773347556798"
"276",17031230700,"ILLINOIS","Cook","0.94340615951566198"
"277",17031230800,"ILLINOIS","Cook","0.91343982488466502"
"278",17031230900,"ILLINOIS","Cook","0.929441265707042"
"279",17031231100,"ILLINOIS","Cook","0.974245300009698"
"280",17031231200,"ILLINOIS","Cook","0.98211440683836504"
"281",17031231500,"ILLINOIS","Cook","0.97966223798506502"
"282",17031240200,"ILLINOIS","Cook","0.31134232000110801"
"283",17031240300,"ILLINOIS","Cook","0.22650004848921501"
"284",17031240500,"ILLINOIS","Cook","0.12817777531483401"
"285",17031240600,"ILLINOIS","Cook","0.38713788947229899"
"286",17031240700,"ILLINOIS","Cook","0.65790166387276405"
"287",17031240800,"ILLINOIS","Cook","0.89382247405826998"
"288",17031240900,"ILLINOIS","Cook","0.704021834000637"
"289",17031241000,"ILLINOIS","Cook","0.97098959559995002"
"290",17031241100,"ILLINOIS","Cook","0.57631509677061799"
"291",17031241200,"ILLINOIS","Cook","0.39076765353763498"
"292",17031241300,"ILLINOIS","Cook","0.58552804754713805"
"293",17031241400,"ILLINOIS","Cook","0.41213061609010698"
"294",17031241500,"ILLINOIS","Cook","0.35380501794100899"
"295",17031241600,"ILLINOIS","Cook","0.48637453069367298"
"296",17031242000,"ILLINOIS","Cook","0.69925603690721905"
"297",17031242100,"ILLINOIS","Cook","0.35315387705905998"
"298",17031242200,"ILLINOIS","Cook","0.234064365968884"
"299",17031242300,"ILLINOIS","Cook","0.16372729665701499"
"300",17031242400,"ILLINOIS","Cook","0.36542857538687501"
"301",17031242500,"ILLINOIS","Cook","0.63919868109336297"
"302",17031242600,"ILLINOIS","Cook","0.55761211399121702"
"303",17031242700,"ILLINOIS","Cook","0.76650365054515701"
"304",17031242800,"ILLINOIS","Cook","0.40391515772848802"
"305",17031242900,"ILLINOIS","Cook","0.31310178578850401"
"306",17031243000,"ILLINOIS","Cook","0.50935841842036"
"307",17031243100,"ILLINOIS","Cook","0.39521480722073699"
"308",17031243200,"ILLINOIS","Cook","0.50545157312866296"
"309",17031243300,"ILLINOIS","Cook","0.47900417007245699"
"310",17031243400,"ILLINOIS","Cook","0.54163838129147601"
"311",17031243500,"ILLINOIS","Cook","0.30729693409622999"
"312",17031250200,"ILLINOIS","Cook","0.93905598426178605"
"313",17031250300,"ILLINOIS","Cook","0.85957523447998796"
"314",17031250400,"ILLINOIS","Cook","0.85752483340491303"
"315",17031250500,"ILLINOIS","Cook","0.76507668222939595"
"316",17031250600,"ILLINOIS","Cook","0.82029897064324397"
"317",17031250700,"ILLINOIS","Cook","0.88478962607888501"
"318",17031250800,"ILLINOIS","Cook","0.86115459747024803"
"319",17031251000,"ILLINOIS","Cook","0.87401116637342202"
"320",17031251100,"ILLINOIS","Cook","0.96327288344578199"
"321",17031251200,"ILLINOIS","Cook","0.92446765769385297"
"322",17031251300,"ILLINOIS","Cook","0.95372743519762804"
"323",17031251400,"ILLINOIS","Cook","0.86683476261065895"
"324",17031251500,"ILLINOIS","Cook","0.96292653191282995"
"325",17031251600,"ILLINOIS","Cook","0.92543744198611799"
"326",17031251700,"ILLINOIS","Cook","0.91741594048295305"
"327",17031251800,"ILLINOIS","Cook","0.952716088721409"
"328",17031251900,"ILLINOIS","Cook","0.92103185048697001"
"329",17031252000,"ILLINOIS","Cook","0.99251880688823901"
"330",17031252101,"ILLINOIS","Cook","0.79669165015724397"
"331",17031252102,"ILLINOIS","Cook","0.92089330987378903"
"332",17031252201,"ILLINOIS","Cook","0.99689669026475103"
"333",17031252202,"ILLINOIS","Cook","0.91381388454025303"
"334",17031260100,"ILLINOIS","Cook","0.87442678821296504"
"335",17031260200,"ILLINOIS","Cook","0.86806777406796798"
"336",17031260300,"ILLINOIS","Cook","0.90978235269669305"
"337",17031260400,"ILLINOIS","Cook","0.86482592371953804"
"338",17031260500,"ILLINOIS","Cook","0.969687313836051"
"339",17031260600,"ILLINOIS","Cook","0.955902522824566"
"340",17031260700,"ILLINOIS","Cook","0.93071583934830504"
"341",17031260800,"ILLINOIS","Cook","0.92604702068411404"
"342",17031260900,"ILLINOIS","Cook","0.93581413391335699"
"343",17031261000,"ILLINOIS","Cook","0.90512738809381998"
"344",17031270500,"ILLINOIS","Cook","0.91378617641761695"
"345",17031271200,"ILLINOIS","Cook","0.90130366717003096"
"346",17031271300,"ILLINOIS","Cook","0.82354082099167403"
"347",17031271400,"ILLINOIS","Cook","0.83440240506504504"
"348",17031271500,"ILLINOIS","Cook","0.78355800002770803"
"349",17031271800,"ILLINOIS","Cook","0.84238234438425597"
"350",17031280100,"ILLINOIS","Cook","0.16573613554813599"
"351",17031280400,"ILLINOIS","Cook","0.72864050096285704"
"352",17031280800,"ILLINOIS","Cook","0.94818581067039798"
"353",17031280900,"ILLINOIS","Cook","0.85000207810919803"
"354",17031281900,"ILLINOIS","Cook","0.52969618043529498"
"355",17031282700,"ILLINOIS","Cook","0.77362463806264803"
"356",17031282800,"ILLINOIS","Cook","0.50140618722378505"
"357",17031283100,"ILLINOIS","Cook","0.61525886313572797"
"358",17031283200,"ILLINOIS","Cook","0.50937227248167805"
"359",17031283800,"ILLINOIS","Cook","0.74568099638409002"
"360",17031290900,"ILLINOIS","Cook","0.84867208822266205"
"361",17031291200,"ILLINOIS","Cook","0.86152865712583604"
"362",17031291600,"ILLINOIS","Cook","0.69748271705850595"
"363",17031292200,"ILLINOIS","Cook","0.85697067095219004"
"364",17031292400,"ILLINOIS","Cook","0.88416619331957202"
"365",17031292500,"ILLINOIS","Cook","0.83304470705587297"
"366",17031300500,"ILLINOIS","Cook","0.88217120848976904"
"367",17031300600,"ILLINOIS","Cook","0.99860073980687403"
"368",17031300700,"ILLINOIS","Cook","0.92396891148640203"
"369",17031300800,"ILLINOIS","Cook","0.94501323062855902"
"370",17031300900,"ILLINOIS","Cook","0.90648508610299094"
"371",17031301100,"ILLINOIS","Cook","0.93591111234258295"
"372",17031301200,"ILLINOIS","Cook","0.94943267618902505"
"373",17031301600,"ILLINOIS","Cook","0.96657015003948399"
"374",17031301701,"ILLINOIS","Cook","0.92708607528296905"
"375",17031301702,"ILLINOIS","Cook","0.84085839763926795"
"376",17031301801,"ILLINOIS","Cook","0.90618029675399303"
"377",17031301802,"ILLINOIS","Cook","0.941632839666948"
"378",17031301803,"ILLINOIS","Cook","0.90903423338551703"
"379",17031310200,"ILLINOIS","Cook","0.66372036962635605"
"380",17031310300,"ILLINOIS","Cook","0.72961028525512295"
"381",17031310400,"ILLINOIS","Cook","0.67790692841606504"
"382",17031310500,"ILLINOIS","Cook","0.67433258059600198"
"383",17031310600,"ILLINOIS","Cook","0.87628323242958694"
"384",17031310700,"ILLINOIS","Cook","0.90246740832074901"
"385",17031310800,"ILLINOIS","Cook","0.75902245743339702"
"386",17031310900,"ILLINOIS","Cook","0.87110181349662696"
"387",17031320100,"ILLINOIS","Cook","0.30086864964464299"
"388",17031320400,"ILLINOIS","Cook","0.49400811847993198"
"389",17031320600,"ILLINOIS","Cook","0.25408348457350299"
"390",17031330100,"ILLINOIS","Cook","0.446267023177845"
"391",17031330200,"ILLINOIS","Cook","0.46060597664205299"
"392",17031340300,"ILLINOIS","Cook","0.84393399925188095"
"393",17031340400,"ILLINOIS","Cook","0.83249054460314997"
"394",17031340500,"ILLINOIS","Cook","0.85253737133040597"
"395",17031340600,"ILLINOIS","Cook","0.85857774206508597"
"396",17031350100,"ILLINOIS","Cook","0.53583352959920205"
"397",17031350400,"ILLINOIS","Cook","0.85965835884789599"
"398",17031351000,"ILLINOIS","Cook","0.55299871157229696"
"399",17031351100,"ILLINOIS","Cook","0.80783031545697603"
"400",17031351400,"ILLINOIS","Cook","0.92162757512364701"
"401",17031351500,"ILLINOIS","Cook","0.69684543023787404"
"402",17031360200,"ILLINOIS","Cook","0.79741206134578302"
"403",17031380100,"ILLINOIS","Cook","0.83685457391834395"
"404",17031380200,"ILLINOIS","Cook","0.72379157950153095"
"405",17031380500,"ILLINOIS","Cook","0.65725052299081499"
"406",17031380700,"ILLINOIS","Cook","0.990440697690528"
"407",17031381200,"ILLINOIS","Cook","0.71664288386140396"
"408",17031381400,"ILLINOIS","Cook","0.69295243900749504"
"409",17031381500,"ILLINOIS","Cook","0.80457461104722805"
"410",17031381700,"ILLINOIS","Cook","NULL"
"411",17031381800,"ILLINOIS","Cook","0.77970657098128304"
"412",17031381900,"ILLINOIS","Cook","0.78105041492913696"
"413",17031390100,"ILLINOIS","Cook","0.53368615009489995"
"414",17031390200,"ILLINOIS","Cook","0.59167925077236405"
"415",17031390300,"ILLINOIS","Cook","0.98113076848478098"
"416",17031390400,"ILLINOIS","Cook","0.89106551585597304"
"417",17031390500,"ILLINOIS","Cook","0.58444743076432903"
"418",17031390600,"ILLINOIS","Cook","0.51689502777739305"
"419",17031390700,"ILLINOIS","Cook","0.46645239051828002"
"420",17031400300,"ILLINOIS","Cook","0.66877710200745299"
"421",17031400400,"ILLINOIS","Cook","0.80752552610797901"
"422",17031400500,"ILLINOIS","Cook","0.77858439201451901"
"423",17031400800,"ILLINOIS","Cook","0.82276499355786104"
"424",17031410100,"ILLINOIS","Cook","0.704243498981726"
"425",17031410200,"ILLINOIS","Cook","0.54985383965309398"
"426",17031410500,"ILLINOIS","Cook","0.47847771574237002"
"427",17031410600,"ILLINOIS","Cook","0.458957343345202"
"428",17031410700,"ILLINOIS","Cook","0.40988625815657898"
"429",17031410800,"ILLINOIS","Cook","0.600628974383841"
"430",17031410900,"ILLINOIS","Cook","0.523919036865657"
"431",17031411000,"ILLINOIS","Cook","0.65150108754381297"
"432",17031411100,"ILLINOIS","Cook","0.32609689530485902"
"433",17031411200,"ILLINOIS","Cook","0.42767487288898698"
"434",17031420100,"ILLINOIS","Cook","0.70579515384935099"
"435",17031420200,"ILLINOIS","Cook","0.87455147476482697"
"436",17031420300,"ILLINOIS","Cook","0.52440392901179"
"437",17031420400,"ILLINOIS","Cook","0.74690015378008101"
"438",17031420500,"ILLINOIS","Cook","0.86015710505534704"
"439",17031420600,"ILLINOIS","Cook","0.85735858466909598"
"440",17031420700,"ILLINOIS","Cook","0.92915033041936201"
"441",17031420800,"ILLINOIS","Cook","0.83402834540945703"
"442",17031421200,"ILLINOIS","Cook","0.82586830329311001"
"443",17031430101,"ILLINOIS","Cook","0.78336404316925501"
"444",17031430102,"ILLINOIS","Cook","0.77660326124603396"
"445",17031430200,"ILLINOIS","Cook","0.90500270154195706"
"446",17031430300,"ILLINOIS","Cook","0.823457696623765"
"447",17031430400,"ILLINOIS","Cook","0.81399537274351996"
"448",17031430500,"ILLINOIS","Cook","0.93043875812194299"
"449",17031430600,"ILLINOIS","Cook","0.76302628115432003"
"450",17031430700,"ILLINOIS","Cook","0.98944320527562701"
"451",17031430800,"ILLINOIS","Cook","0.722032113714135"
"452",17031430900,"ILLINOIS","Cook","0.82728141754755402"
"453",17031431200,"ILLINOIS","Cook","0.68948892367797598"
"454",17031431301,"ILLINOIS","Cook","0.89706432440670003"
"455",17031431302,"ILLINOIS","Cook","0.85871628267826705"
"456",17031431400,"ILLINOIS","Cook","0.98768373948823096"
"457",17031440101,"ILLINOIS","Cook","0.88519139385710899"
"458",17031440102,"ILLINOIS","Cook","0.817528158379629"
"459",17031440201,"ILLINOIS","Cook","0.89858827115168805"
"460",17031440202,"ILLINOIS","Cook","0.74784222994970995"
"461",17031440300,"ILLINOIS","Cook","0.78566381734805601"
"462",17031440600,"ILLINOIS","Cook","0.54309305772987304"
"463",17031440700,"ILLINOIS","Cook","0.61748936700793799"
"464",17031440800,"ILLINOIS","Cook","0.84561034067136798"
"465",17031440900,"ILLINOIS","Cook","0.80228869092974597"
"466",17031450300,"ILLINOIS","Cook","0.58767542705144005"
"467",17031460100,"ILLINOIS","Cook","0.87345700392069903"
"468",17031460200,"ILLINOIS","Cook","0.95647053933860704"
"469",17031460301,"ILLINOIS","Cook","0.98721270140341599"
"470",17031460302,"ILLINOIS","Cook","0.86082209999861503"
"471",17031460400,"ILLINOIS","Cook","0.83467948629140598"
"472",17031460500,"ILLINOIS","Cook","0.56132500242446104"
"473",17031460600,"ILLINOIS","Cook","0.89329601972818296"
"474",17031460700,"ILLINOIS","Cook","0.92288829470359202"
"475",17031461000,"ILLINOIS","Cook","0.90458707970241503"
"476",17031470100,"ILLINOIS","Cook","0.78210332358931001"
"477",17031480100,"ILLINOIS","Cook","0.55297100344966099"
"478",17031480200,"ILLINOIS","Cook","0.68332386639143305"
"479",17031480300,"ILLINOIS","Cook","0.79063742536124504"
"480",17031480400,"ILLINOIS","Cook","0.68390573696679202"
"481",17031480500,"ILLINOIS","Cook","0.764647206328535"
"482",17031490300,"ILLINOIS","Cook","0.60172344522796894"
"483",17031490400,"ILLINOIS","Cook","0.50335960986963302"
"484",17031490500,"ILLINOIS","Cook","0.61938737340851502"
"485",17031490600,"ILLINOIS","Cook","0.63541652235352797"
"486",17031490700,"ILLINOIS","Cook","0.66266746096618201"
"487",17031490800,"ILLINOIS","Cook","0.77126944763857497"
"488",17031490901,"ILLINOIS","Cook","0.825050913675344"
"489",17031490902,"ILLINOIS","Cook","0.71894265804020496"
"490",17031491000,"ILLINOIS","Cook","0.87316606863302004"
"491",17031491100,"ILLINOIS","Cook","0.93161635333397996"
"492",17031491200,"ILLINOIS","Cook","0.70907856638173505"
"493",17031491300,"ILLINOIS","Cook","0.93643756667266997"
"494",17031491400,"ILLINOIS","Cook","0.89325445754422905"
"495",17031500100,"ILLINOIS","Cook","0.44406422742827101"
"496",17031500200,"ILLINOIS","Cook","0.80497637882545303"
"497",17031500300,"ILLINOIS","Cook","0.76218118341391805"
"498",17031510100,"ILLINOIS","Cook","0.81510369764896595"
"499",17031510200,"ILLINOIS","Cook","0.77386015710505496"
"500",17031510300,"ILLINOIS","Cook","0.67491445117136095"
"501",17031520100,"ILLINOIS","Cook","0.728072484448816"
"502",17031520200,"ILLINOIS","Cook","0.92428755489671799"
"503",17031520300,"ILLINOIS","Cook","0.85446308585361797"
"504",17031520400,"ILLINOIS","Cook","0.81526994638478301"
"505",17031520500,"ILLINOIS","Cook","0.68917028026766003"
"506",17031520600,"ILLINOIS","Cook","0.84131558166276399"
"507",17031530100,"ILLINOIS","Cook","0.95901968662113302"
"508",17031530200,"ILLINOIS","Cook","0.870741607902357"
"509",17031530300,"ILLINOIS","Cook","0.72136711877086801"
"510",17031530400,"ILLINOIS","Cook","0.63272883445782102"
"511",17031530501,"ILLINOIS","Cook","0.79252157770050302"
"512",17031530502,"ILLINOIS","Cook","0.69946384782699"
"513",17031530503,"ILLINOIS","Cook","0.80762250453720497"
"514",17031530600,"ILLINOIS","Cook","0.77390171928900997"
"515",17031540101,"ILLINOIS","Cook","0.78292071320707701"
"516",17031540102,"ILLINOIS","Cook","0.67110458430888997"
"517",17031550100,"ILLINOIS","Cook","0.77891688948615301"
"518",17031550200,"ILLINOIS","Cook","0.34445352655130901"
"519",17031560100,"ILLINOIS","Cook","0.97586622518391297"
"520",17031560200,"ILLINOIS","Cook","0.75276042171762603"
"521",17031560300,"ILLINOIS","Cook","0.78163228550449604"
"522",17031560400,"ILLINOIS","Cook","0.80934040814064601"
"523",17031560700,"ILLINOIS","Cook","0.879081752815838"
"524",17031560800,"ILLINOIS","Cook","0.72974882586830303"
"525",17031560900,"ILLINOIS","Cook","0.45284770230393001"
"526",17031561000,"ILLINOIS","Cook","0.40423380113880403"
"527",17031561100,"ILLINOIS","Cook","0.73368337928263705"
"528",17031570100,"ILLINOIS","Cook","0.61212784527784303"
"529",17031570200,"ILLINOIS","Cook","0.74629057508208496"
"530",17031570300,"ILLINOIS","Cook","0.87872154722156803"
"531",17031570400,"ILLINOIS","Cook","0.85985231570634901"
"532",17031570500,"ILLINOIS","Cook","0.76028317701334103"
"533",17031580100,"ILLINOIS","Cook","0.87959435308460698"
"534",17031580200,"ILLINOIS","Cook","0.86871891494991804"
"535",17031580300,"ILLINOIS","Cook","0.77221152380820401"
"536",17031580400,"ILLINOIS","Cook","0.78609329324891597"
"537",17031580501,"ILLINOIS","Cook","0.92269433784513899"
"538",17031580502,"ILLINOIS","Cook","0.91639073994541498"
"539",17031580600,"ILLINOIS","Cook","0.88242058159349401"
"540",17031580700,"ILLINOIS","Cook","0.88319640902730601"
"541",17031580800,"ILLINOIS","Cook","0.883639738989485"
"542",17031590500,"ILLINOIS","Cook","0.84906000193956899"
"543",17031590600,"ILLINOIS","Cook","0.79580499023288698"
"544",17031590700,"ILLINOIS","Cook","0.81154320389022006"
"545",17031600400,"ILLINOIS","Cook","0.85244039290117901"
"546",17031600600,"ILLINOIS","Cook","0.76337263268727196"
"547",17031600700,"ILLINOIS","Cook","0.83480417284326902"
"548",17031600900,"ILLINOIS","Cook","0.62631440406755201"
"549",17031610300,"ILLINOIS","Cook","0.91923082251562005"
"550",17031610400,"ILLINOIS","Cook","0.94865684875521294"
"551",17031610800,"ILLINOIS","Cook","0.43871655975949297"
"552",17031611000,"ILLINOIS","Cook","0.84108006262035695"
"553",17031611100,"ILLINOIS","Cook","0.89463986367603698"
"554",17031611200,"ILLINOIS","Cook","0.91154181848408899"
"555",17031611300,"ILLINOIS","Cook","0.93477507931450099"
"556",17031611400,"ILLINOIS","Cook","0.90310469514138103"
"557",17031611500,"ILLINOIS","Cook","0.99959823222177602"
"558",17031611600,"ILLINOIS","Cook","0.94023357947382302"
"559",17031611700,"ILLINOIS","Cook","0.91677865366232103"
"560",17031611800,"ILLINOIS","Cook","0.86463196686108501"
"561",17031611900,"ILLINOIS","Cook","0.92083789362851698"
"562",17031612000,"ILLINOIS","Cook","0.85539130796192897"
"563",17031612100,"ILLINOIS","Cook","0.88448483672988698"
"564",17031620100,"ILLINOIS","Cook","0.78790817528158397"
"565",17031620200,"ILLINOIS","Cook","0.67844723680746999"
"566",17031620300,"ILLINOIS","Cook","0.901871683684072"
"567",17031620400,"ILLINOIS","Cook","0.72607749961901302"
"568",17031630100,"ILLINOIS","Cook","0.794959892492484"
"569",17031630200,"ILLINOIS","Cook","0.82355467505299196"
"570",17031630300,"ILLINOIS","Cook","0.84006871614413803"
"571",17031630400,"ILLINOIS","Cook","0.86938390989318504"
"572",17031630500,"ILLINOIS","Cook","0.89789556808578397"
"573",17031630800,"ILLINOIS","Cook","0.82506476773666204"
"574",17031630900,"ILLINOIS","Cook","0.857995871489727"
"575",17031640100,"ILLINOIS","Cook","0.62492899793574497"
"576",17031640300,"ILLINOIS","Cook","0.62311411590307697"
"577",17031640400,"ILLINOIS","Cook","0.59680525346005198"
"578",17031640500,"ILLINOIS","Cook","0.548565411950513"
"579",17031640600,"ILLINOIS","Cook","0.80138817694407105"
"580",17031640700,"ILLINOIS","Cook","0.79678862858647004"
"581",17031640800,"ILLINOIS","Cook","0.66403901303667201"
"582",17031650100,"ILLINOIS","Cook","0.89850514678378002"
"583",17031650200,"ILLINOIS","Cook","0.87460689101010003"
"584",17031650301,"ILLINOIS","Cook","0.75044679347750798"
"585",17031650302,"ILLINOIS","Cook","0.73364181709868204"
"586",17031650400,"ILLINOIS","Cook","0.82955348360371794"
"587",17031650500,"ILLINOIS","Cook","0.88677075684736995"
"588",17031660301,"ILLINOIS","Cook","0.89662099444452104"
"589",17031660302,"ILLINOIS","Cook","0.88052257519291799"
"590",17031660400,"ILLINOIS","Cook","0.902204181155706"
"591",17031660500,"ILLINOIS","Cook","0.91123702913509097"
"592",17031660600,"ILLINOIS","Cook","0.94796414568930898"
"593",17031660700,"ILLINOIS","Cook","0.850251451212923"
"594",17031660800,"ILLINOIS","Cook","0.92524348512766497"
"595",17031660900,"ILLINOIS","Cook","0.89918399578836505"
"596",17031661000,"ILLINOIS","Cook","0.84024881894127301"
"597",17031661100,"ILLINOIS","Cook","0.80828749948047296"
"598",17031670100,"ILLINOIS","Cook","0.74742660811016703"
"599",17031670200,"ILLINOIS","Cook","0.85767722807941105"
"600",17031670300,"ILLINOIS","Cook","0.96670869065266496"
"601",17031670400,"ILLINOIS","Cook","0.91294107867721397"
"602",17031670500,"ILLINOIS","Cook","0.880896634848506"
"603",17031670600,"ILLINOIS","Cook","0.74044416120585799"
"604",17031670700,"ILLINOIS","Cook","0.90350646291960501"
"605",17031670800,"ILLINOIS","Cook","0.96248320195065196"
"606",17031670900,"ILLINOIS","Cook","0.76445324947008197"
"607",17031671100,"ILLINOIS","Cook","0.78576079577728197"
"608",17031671200,"ILLINOIS","Cook","0.85360413405189695"
"609",17031671300,"ILLINOIS","Cook","0.880453304886327"
"610",17031671400,"ILLINOIS","Cook","0.73468087169753804"
"611",17031671500,"ILLINOIS","Cook","0.90875715215915498"
"612",17031671600,"ILLINOIS","Cook","0.94804727005721701"
"613",17031671800,"ILLINOIS","Cook","0.89770161122733105"
"614",17031671900,"ILLINOIS","Cook","0.882600684390629"
"615",17031672000,"ILLINOIS","Cook","0.87654645959462996"
"616",17031680500,"ILLINOIS","Cook","0.90124825092475902"
"617",17031680600,"ILLINOIS","Cook","0.88467879358834001"
"618",17031680900,"ILLINOIS","Cook","0.90957454177692199"
"619",17031681000,"ILLINOIS","Cook","0.79656696360538104"
"620",17031681100,"ILLINOIS","Cook","0.94835205940621503"
"621",17031681200,"ILLINOIS","Cook","0.92219559163768905"
"622",17031681300,"ILLINOIS","Cook","0.95213421814604904"
"623",17031681400,"ILLINOIS","Cook","0.91618292902564402"
"624",17031690300,"ILLINOIS","Cook","0.98420637009739398"
"625",17031690400,"ILLINOIS","Cook","0.84515315664787105"
"626",17031690500,"ILLINOIS","Cook","0.74230060542248"
"627",17031690900,"ILLINOIS","Cook","0.79418406505867201"
"628",17031691000,"ILLINOIS","Cook","0.80449148667932002"
"629",17031691100,"ILLINOIS","Cook","0.86259541984732802"
"630",17031691200,"ILLINOIS","Cook","0.78419528684833995"
"631",17031691300,"ILLINOIS","Cook","0.86072512156938796"
"632",17031691400,"ILLINOIS","Cook","0.67086906526648304"
"633",17031691500,"ILLINOIS","Cook","0.86418863689890701"
"634",17031700100,"ILLINOIS","Cook","0.58006954738781702"
"635",17031700200,"ILLINOIS","Cook","0.75947964145689295"
"636",17031700301,"ILLINOIS","Cook","0.71861016056857097"
"637",17031700302,"ILLINOIS","Cook","0.61128274753744105"
"638",17031700401,"ILLINOIS","Cook","0.70903700419778104"
"639",17031700402,"ILLINOIS","Cook","0.74906138734570005"
"640",17031700501,"ILLINOIS","Cook","0.68775716601321701"
"641",17031700502,"ILLINOIS","Cook","0.80008589518017204"
"642",17031710100,"ILLINOIS","Cook","0.80979759216414304"
"643",17031710200,"ILLINOIS","Cook","0.85307767972181003"
"644",17031710300,"ILLINOIS","Cook","0.85648577880605703"
"645",17031710400,"ILLINOIS","Cook","0.86335739321982197"
"646",17031710500,"ILLINOIS","Cook","0.81995261911029205"
"647",17031710600,"ILLINOIS","Cook","0.88732491930009305"
"648",17031710700,"ILLINOIS","Cook","0.78031614967927798"
"649",17031710800,"ILLINOIS","Cook","0.75120876685000204"
"650",17031710900,"ILLINOIS","Cook","0.80147130131197997"
"651",17031711000,"ILLINOIS","Cook","0.79356063229935903"
"652",17031711100,"ILLINOIS","Cook","0.66704534434269402"
"653",17031711200,"ILLINOIS","Cook","0.67531621894958505"
"654",17031711300,"ILLINOIS","Cook","0.81262382067302996"
"655",17031711400,"ILLINOIS","Cook","0.80547512503290297"
"656",17031711500,"ILLINOIS","Cook","0.71322093071583903"
"657",17031720100,"ILLINOIS","Cook","0.220141034344218"
"658",17031720200,"ILLINOIS","Cook","0.38634820797716901"
"659",17031720300,"ILLINOIS","Cook","0.265277566118508"
"660",17031720400,"ILLINOIS","Cook","0.15272717197046301"
"661",17031720500,"ILLINOIS","Cook","6.1442761945664399E-2"
"662",17031720600,"ILLINOIS","Cook","0.268464000221665"
"663",17031720700,"ILLINOIS","Cook","0.35466396974273001"
"664",17031730100,"ILLINOIS","Cook","0.69210734126709295"
"665",17031730201,"ILLINOIS","Cook","0.77156038292625495"
"666",17031730202,"ILLINOIS","Cook","0.69593106219088097"
"667",17031730300,"ILLINOIS","Cook","0.78886410551253106"
"668",17031730400,"ILLINOIS","Cook","0.79217522616755098"
"669",17031730500,"ILLINOIS","Cook","0.71558997520123002"
"670",17031730600,"ILLINOIS","Cook","0.56532882614538404"
"671",17031730700,"ILLINOIS","Cook","0.64813455064352099"
"672",17031740100,"ILLINOIS","Cook","0.20279574957398799"
"673",17031740200,"ILLINOIS","Cook","0.174616588853022"
"674",17031740300,"ILLINOIS","Cook","0.14111746858591601"
"675",17031740400,"ILLINOIS","Cook","0.13460605976642101"
"676",17031750100,"ILLINOIS","Cook","0.67890442083096703"
"677",17031750200,"ILLINOIS","Cook","0.46491458971197402"
"678",17031750300,"ILLINOIS","Cook","0.23022679098377699"
"679",17031750400,"ILLINOIS","Cook","0.25099402889957201"
"680",17031750500,"ILLINOIS","Cook","0.96094540114434501"
"681",17031750600,"ILLINOIS","Cook","0.70641858660866397"
"682",17031760801,"ILLINOIS","Cook","0.61437220321137098"
"683",17031760802,"ILLINOIS","Cook","0.41538632049985502"
"684",17031760803,"ILLINOIS","Cook","0.73551211537662298"
"685",17031770201,"ILLINOIS","Cook","0.244607306631939"
"686",17031770202,"ILLINOIS","Cook","0.26441861431678698"
"687",17031770300,"ILLINOIS","Cook","0.107368975215084"
"688",17031770400,"ILLINOIS","Cook","0.30678433382746201"
"689",17031770500,"ILLINOIS","Cook","0.70826117676396805"
"690",17031770601,"ILLINOIS","Cook","0.64679070669566796"
"691",17031770602,"ILLINOIS","Cook","0.94193762901594602"
"692",17031770700,"ILLINOIS","Cook","0.233981241600975"
"693",17031770800,"ILLINOIS","Cook","0.35244731993183798"
"694",17031770901,"ILLINOIS","Cook","0.54364722018259604"
"695",17031770902,"ILLINOIS","Cook","0.49237333924440002"
"696",17031800100,"ILLINOIS","Cook","2.1917125005195302E-2"
"697",17031800200,"ILLINOIS","Cook","4.0730940275141701E-2"
"698",17031800300,"ILLINOIS","Cook","6.3063687119879197E-2"
"699",17031800400,"ILLINOIS","Cook","3.4745985785733097E-2"
"700",17031800500,"ILLINOIS","Cook","5.13985674900597E-2"
"701",17031800600,"ILLINOIS","Cook","5.7882268186919002E-2"
"702",17031800700,"ILLINOIS","Cook","5.1093778141062099E-2"
"703",17031800800,"ILLINOIS","Cook","5.7549770715285199E-2"
"704",17031800900,"ILLINOIS","Cook","0.16062398692176599"
"705",17031801000,"ILLINOIS","Cook","0.36772834956567502"
"706",17031801100,"ILLINOIS","Cook","5.57764508665715E-2"
"707",17031801200,"ILLINOIS","Cook","0.16493259999168799"
"708",17031801300,"ILLINOIS","Cook","0.411784264557155"
"709",17031801400,"ILLINOIS","Cook","9.0965766614482996E-2"
"710",17031801500,"ILLINOIS","Cook","0.40081184799323899"
"711",17031801601,"ILLINOIS","Cook","0.39768083013535399"
"712",17031801603,"ILLINOIS","Cook","0.77748992117039095"
"713",17031801605,"ILLINOIS","Cook","9.4221471024230799E-2"
"714",17031801606,"ILLINOIS","Cook","0.102880259348028"
"715",17031801607,"ILLINOIS","Cook","0.238040481567171"
"716",17031801608,"ILLINOIS","Cook","0.35377730981837302"
"717",17031801701,"ILLINOIS","Cook","3.4801402031005402E-2"
"718",17031801702,"ILLINOIS","Cook","5.6081240215569199E-2"
"719",17031801800,"ILLINOIS","Cook","0.28730552361424699"
"720",17031801901,"ILLINOIS","Cook","0.550158629002092"
"721",17031801902,"ILLINOIS","Cook","5.18696055748743E-2"
"722",17031802002,"ILLINOIS","Cook","0.16978152145301401"
"723",17031802003,"ILLINOIS","Cook","0.49719455258308998"
"724",17031802004,"ILLINOIS","Cook","0.65472908383092498"
"725",17031802100,"ILLINOIS","Cook","0.13503553566728099"
"726",17031802200,"ILLINOIS","Cook","5.5263850597802699E-2"
"727",17031802300,"ILLINOIS","Cook","0.36222828722239903"
"728",17031802402,"ILLINOIS","Cook","0.840096424266774"
"729",17031802403,"ILLINOIS","Cook","0.24618666962220001"
"730",17031802404,"ILLINOIS","Cook","0.89998753134481402"
"731",17031802503,"ILLINOIS","Cook","0.48924232138651402"
"732",17031802504,"ILLINOIS","Cook","0.63599839292888705"
"733",17031802505,"ILLINOIS","Cook","0.680192848533548"
"734",17031802506,"ILLINOIS","Cook","0.569651293276624"
"735",17031802605,"ILLINOIS","Cook","0.422881367672933"
"736",17031802607,"ILLINOIS","Cook","5.6663110790928402E-2"
"737",17031802608,"ILLINOIS","Cook","0.39427273105110799"
"738",17031802609,"ILLINOIS","Cook","0.69723334395477998"
"739",17031802610,"ILLINOIS","Cook","0.14129757138305099"
"740",17031802701,"ILLINOIS","Cook","0.469223202781895"
"741",17031802702,"ILLINOIS","Cook","0.23607320486000499"
"742",17031802801,"ILLINOIS","Cook","0.189066374807775"
"743",17031802802,"ILLINOIS","Cook","0.31772904226874099"
"744",17031802900,"ILLINOIS","Cook","0.15926628891259501"
"745",17031803005,"ILLINOIS","Cook","0.12719413696125001"
"746",17031803007,"ILLINOIS","Cook","0.25713137806347902"
"747",17031803008,"ILLINOIS","Cook","0.17278785275903599"
"748",17031803010,"ILLINOIS","Cook","0.14906969978249099"
"749",17031803012,"ILLINOIS","Cook","0.305911527964423"
"750",17031803013,"ILLINOIS","Cook","0.23295604106343801"
"751",17031803014,"ILLINOIS","Cook","0.55477203142101095"
"752",17031803015,"ILLINOIS","Cook","0.32954655657305898"
"753",17031803016,"ILLINOIS","Cook","0.60391238691622495"
"754",17031803017,"ILLINOIS","Cook","0.36308723902411999"
"755",17031803100,"ILLINOIS","Cook","0.144968897632341"
"756",17031803200,"ILLINOIS","Cook","0.51036976489657904"
"757",17031803300,"ILLINOIS","Cook","0.33567005167564901"
"758",17031803400,"ILLINOIS","Cook","0.117634834651778"
"759",17031803500,"ILLINOIS","Cook","0.36294869841093902"
"760",17031803603,"ILLINOIS","Cook","4.1243540543910398E-2"
"761",17031803604,"ILLINOIS","Cook","0.236641221374046"
"762",17031803605,"ILLINOIS","Cook","0.408376165472908"
"763",17031803606,"ILLINOIS","Cook","0.812637674734348"
"764",17031803607,"ILLINOIS","Cook","8.7751624388689498E-2"
"765",17031803608,"ILLINOIS","Cook","0.28991008714204602"
"766",17031803610,"ILLINOIS","Cook","0.29003477369390801"
"767",17031803611,"ILLINOIS","Cook","0.648397777808565"
"768",17031803612,"ILLINOIS","Cook","0.70542109419376298"
"769",17031803701,"ILLINOIS","Cook","0.40962303099153502"
"770",17031803702,"ILLINOIS","Cook","0.47849156980368801"
"771",17031803800,"ILLINOIS","Cook","9.4124492595004203E-2"
"772",17031803901,"ILLINOIS","Cook","0.30796192903949798"
"773",17031803902,"ILLINOIS","Cook","0.140161538354969"
"774",17031804000,"ILLINOIS","Cook","0.32457294855987001"
"775",17031804102,"ILLINOIS","Cook","0.28337097019991397"
"776",17031804104,"ILLINOIS","Cook","0.12957703550795899"
"777",17031804105,"ILLINOIS","Cook","1.85921502888572E-2"
"778",17031804106,"ILLINOIS","Cook","0.363184217453346"
"779",17031804108,"ILLINOIS","Cook","0.43203890220418101"
"780",17031804109,"ILLINOIS","Cook","0.26202186170876002"
"781",17031804201,"ILLINOIS","Cook","0.27424114379130199"
"782",17031804202,"ILLINOIS","Cook","0.111871545143459"
"783",17031804305,"ILLINOIS","Cook","0.44999376567240701"
"784",17031804306,"ILLINOIS","Cook","0.56995608262562203"
"785",17031804308,"ILLINOIS","Cook","0.44684889375320402"
"786",17031804309,"ILLINOIS","Cook","0.63099707679306205"
"787",17031804310,"ILLINOIS","Cook","0.39662792147518"
"788",17031804311,"ILLINOIS","Cook","0.152131447333786"
"789",17031804403,"ILLINOIS","Cook","0.57850403845887399"
"790",17031804404,"ILLINOIS","Cook","0.63774400465496495"
"791",17031804405,"ILLINOIS","Cook","0.74342278438924403"
"792",17031804406,"ILLINOIS","Cook","0.55140549452071896"
"793",17031804505,"ILLINOIS","Cook","0.221484878292071"
"794",17031804506,"ILLINOIS","Cook","0.307560161261274"
"795",17031804507,"ILLINOIS","Cook","0.26770202684917099"
"796",17031804508,"ILLINOIS","Cook","0.71306853604134102"
"797",17031804509,"ILLINOIS","Cook","0.809562073121736"
"798",17031804510,"ILLINOIS","Cook","0.77951261412283002"
"799",17031804511,"ILLINOIS","Cook","0.89317133317632103"
"800",17031804603,"ILLINOIS","Cook","0.44826200800764698"
"801",17031804606,"ILLINOIS","Cook","0.11791191587814"
"802",17031804607,"ILLINOIS","Cook","0.159986700101135"
"803",17031804608,"ILLINOIS","Cook","0.33812222052894803"
"804",17031804609,"ILLINOIS","Cook","0.15222842576301199"
"805",17031804610,"ILLINOIS","Cook","0.32300743963092798"
"806",17031804611,"ILLINOIS","Cook","0.14187944195841001"
"807",17031804701,"ILLINOIS","Cook","0.68718914949917598"
"808",17031804705,"ILLINOIS","Cook","0.49018439755614401"
"809",17031804706,"ILLINOIS","Cook","0.20522021030465101"
"810",17031804709,"ILLINOIS","Cook","0.80005818705753595"
"811",17031804710,"ILLINOIS","Cook","0.107507515828265"
"812",17031804711,"ILLINOIS","Cook","0.47587315221457199"
"813",17031804712,"ILLINOIS","Cook","0.26918441141020499"
"814",17031804713,"ILLINOIS","Cook","0.444507557390449"
"815",17031804714,"ILLINOIS","Cook","0.23137667807317699"
"816",17031804715,"ILLINOIS","Cook","0.74349205469583401"
"817",17031804716,"ILLINOIS","Cook","0.35392970449287198"
"818",17031804803,"ILLINOIS","Cook","0.19988639669719199"
"819",17031804804,"ILLINOIS","Cook","0.36398775300979502"
"820",17031804805,"ILLINOIS","Cook","0.168770174976794"
"821",17031804806,"ILLINOIS","Cook","0.451379171804214"
"822",17031804807,"ILLINOIS","Cook","0.21400368518031099"
"823",17031804808,"ILLINOIS","Cook","0.29056122802399498"
"824",17031804809,"ILLINOIS","Cook","0.119643673542899"
"825",17031804810,"ILLINOIS","Cook","0.83523364874412898"
"826",17031804901,"ILLINOIS","Cook","0.17284326900430899"
"827",17031804902,"ILLINOIS","Cook","0.36771449550435698"
"828",17031805001,"ILLINOIS","Cook","0.136157714634045"
"829",17031805002,"ILLINOIS","Cook","0.69156703287568799"
"830",17031805105,"ILLINOIS","Cook","0.73975145813995402"
"831",17031805106,"ILLINOIS","Cook","0.592441224144858"
"832",17031805107,"ILLINOIS","Cook","0.67936160485446295"
"833",17031805108,"ILLINOIS","Cook","0.59339715437580498"
"834",17031805109,"ILLINOIS","Cook","0.45500893586954999"
"835",17031805110,"ILLINOIS","Cook","0.61165680719302895"
"836",17031805111,"ILLINOIS","Cook","0.68522187279200897"
"837",17031805112,"ILLINOIS","Cook","0.68106565439658595"
"838",17031805201,"ILLINOIS","Cook","0.70769316024992701"
"839",17031805202,"ILLINOIS","Cook","0.32087391418794398"
"840",17031805301,"ILLINOIS","Cook","0.50082431664842597"
"841",17031805302,"ILLINOIS","Cook","0.40031310178578799"
"842",17031805401,"ILLINOIS","Cook","0.47106579293720002"
"843",17031805402,"ILLINOIS","Cook","0.41204749172219801"
"844",17031805501,"ILLINOIS","Cook","0.65078067635527403"
"845",17031805502,"ILLINOIS","Cook","0.200537537579141"
"846",17031805600,"ILLINOIS","Cook","0.11673432066610299"
"847",17031805701,"ILLINOIS","Cook","0.15829650462032899"
"848",17031805702,"ILLINOIS","Cook","0.15253321511201001"
"849",17031805801,"ILLINOIS","Cook","0.230794807497818"
"850",17031805802,"ILLINOIS","Cook","0.145052022000249"
"851",17031805901,"ILLINOIS","Cook","0.32417118078164597"
"852",17031805902,"ILLINOIS","Cook","0.54119505132929702"
"853",17031806001,"ILLINOIS","Cook","0.564608414956845"
"854",17031806002,"ILLINOIS","Cook","0.84126016541749205"
"855",17031806003,"ILLINOIS","Cook","0.77938792757096698"
"856",17031806004,"ILLINOIS","Cook","0.941522007176404"
"857",17031806102,"ILLINOIS","Cook","0.64400604037073494"
"858",17031806103,"ILLINOIS","Cook","0.212368905944778"
"859",17031806104,"ILLINOIS","Cook","0.76328950831936404"
"860",17031806201,"ILLINOIS","Cook","0.61844529723888597"
"861",17031806202,"ILLINOIS","Cook","0.67732505784070596"
"862",17031806300,"ILLINOIS","Cook","0.35589698120003899"
"863",17031806400,"ILLINOIS","Cook","0.41039885842534701"
"864",17031806501,"ILLINOIS","Cook","0.61354095953228704"
"865",17031806502,"ILLINOIS","Cook","0.35847383660520099"
"866",17031806600,"ILLINOIS","Cook","0.36420941799088402"
"867",17031806700,"ILLINOIS","Cook","0.22429725273964099"
"868",17031806801,"ILLINOIS","Cook","0.89109322397860902"
"869",17031806802,"ILLINOIS","Cook","0.48383923747246499"
"870",17031806900,"ILLINOIS","Cook","0.49381416162147901"
"871",17031807000,"ILLINOIS","Cook","0.75654258045746103"
"872",17031807100,"ILLINOIS","Cook","0.29498067358446101"
"873",17031807200,"ILLINOIS","Cook","0.49905099679971199"
"874",17031807300,"ILLINOIS","Cook","0.59113894238095899"
"875",17031807400,"ILLINOIS","Cook","0.72640999709064702"
"876",17031807500,"ILLINOIS","Cook","0.25147892104570502"
"877",17031807600,"ILLINOIS","Cook","0.351602222191435"
"878",17031807700,"ILLINOIS","Cook","0.48358986436874002"
"879",17031807800,"ILLINOIS","Cook","0.44085008520247698"
"880",17031807900,"ILLINOIS","Cook","0.34183510896219199"
"881",17031808001,"ILLINOIS","Cook","0.39873373879552798"
"882",17031808002,"ILLINOIS","Cook","0.73398816863163396"
"883",17031808100,"ILLINOIS","Cook","0.64253750987101899"
"884",17031808200,"ILLINOIS","Cook","0.40609024535542598"
"885",17031808301,"ILLINOIS","Cook","0.56157437552818601"
"886",17031808302,"ILLINOIS","Cook","0.51949959130519097"
"887",17031808400,"ILLINOIS","Cook","0.31193804463778602"
"888",17031808500,"ILLINOIS","Cook","0.28820603759992203"
"889",17031808600,"ILLINOIS","Cook","4.2836757595489099E-2"
"890",17031808702,"ILLINOIS","Cook","0.31418240257131402"
"891",17031808800,"ILLINOIS","Cook","0.11877086767986"
"892",17031808900,"ILLINOIS","Cook","0.40254360565799902"
"893",17031809000,"ILLINOIS","Cook","0.53468364250980205"
"894",17031809100,"ILLINOIS","Cook","0.47488951386098799"
"895",17031809200,"ILLINOIS","Cook","0.89119020240783597"
"896",17031809300,"ILLINOIS","Cook","0.52994555353901995"
"897",17031809400,"ILLINOIS","Cook","0.61949820589905902"
"898",17031809500,"ILLINOIS","Cook","0.65828957758966999"
"899",17031809600,"ILLINOIS","Cook","0.71531289397486897"
"900",17031809700,"ILLINOIS","Cook","0.37717681938460301"
"901",17031809800,"ILLINOIS","Cook","0.36645377592441197"
"902",17031809900,"ILLINOIS","Cook","0.10175808038126399"
"903",17031810000,"ILLINOIS","Cook","0.24705947548523799"
"904",17031810100,"ILLINOIS","Cook","0.448358986436874"
"905",17031810200,"ILLINOIS","Cook","0.64807913439824905"
"906",17031810301,"ILLINOIS","Cook","0.78107812305177304"
"907",17031810302,"ILLINOIS","Cook","0.66015987586761105"
"908",17031810400,"ILLINOIS","Cook","0.17126390601404801"
"909",17031810501,"ILLINOIS","Cook","0.70945262603732295"
"910",17031810502,"ILLINOIS","Cook","0.67898754519887505"
"911",17031810600,"ILLINOIS","Cook","0.60334437040218303"
"912",17031810701,"ILLINOIS","Cook","0.75740153225918205"
"913",17031810702,"ILLINOIS","Cook","0.84919854255274896"
"914",17031810800,"ILLINOIS","Cook","0.52801983901580796"
"915",17031810900,"ILLINOIS","Cook","0.539671104584309"
"916",17031811000,"ILLINOIS","Cook","0.35261356866765498"
"917",17031811100,"ILLINOIS","Cook","0.541264321635888"
"918",17031811200,"ILLINOIS","Cook","0.34586664080575202"
"919",17031811301,"ILLINOIS","Cook","0.65453512697247196"
"920",17031811302,"ILLINOIS","Cook","0.87028442387885996"
"921",17031811401,"ILLINOIS","Cook","0.568279741206135"
"922",17031811402,"ILLINOIS","Cook","0.53962954240035499"
"923",17031811500,"ILLINOIS","Cook","0.54328701458832696"
"924",17031811600,"ILLINOIS","Cook","0.63052603870824697"
"925",17031811701,"ILLINOIS","Cook","0.66345714246131204"
"926",17031811702,"ILLINOIS","Cook","0.70486693174103998"
"927",17031811800,"ILLINOIS","Cook","0.85170612765132103"
"928",17031811900,"ILLINOIS","Cook","0.18586608664329901"
"929",17031812000,"ILLINOIS","Cook","0.254845457945997"
"930",17031812100,"ILLINOIS","Cook","0.186046189440434"
"931",17031812200,"ILLINOIS","Cook","0.422770535182389"
"932",17031812301,"ILLINOIS","Cook","0.55597733475568401"
"933",17031812302,"ILLINOIS","Cook","0.66984386472894497"
"934",17031812400,"ILLINOIS","Cook","0.102603178121666"
"935",17031812500,"ILLINOIS","Cook","0.64378437538964595"
"936",17031812600,"ILLINOIS","Cook","0.50608885994929398"
"937",17031812700,"ILLINOIS","Cook","0.62333578088416597"
"938",17031812801,"ILLINOIS","Cook","0.55539546418032404"
"939",17031812802,"ILLINOIS","Cook","0.40458015267175601"
"940",17031812900,"ILLINOIS","Cook","0.32365858051287699"
"941",17031813000,"ILLINOIS","Cook","0.19183718707139"
"942",17031813100,"ILLINOIS","Cook","0.18497942671894299"
"943",17031813200,"ILLINOIS","Cook","0.30623017137473901"
"944",17031813301,"ILLINOIS","Cook","0.87047838073731298"
"945",17031813302,"ILLINOIS","Cook","0.90910350369210702"
"946",17031813400,"ILLINOIS","Cook","0.85408902619802995"
"947",17031813500,"ILLINOIS","Cook","0.78916889486152897"
"948",17031813600,"ILLINOIS","Cook","0.84935093722724797"
"949",17031813701,"ILLINOIS","Cook","0.90194095399066199"
"950",17031813702,"ILLINOIS","Cook","0.81766669899280997"
"951",17031813801,"ILLINOIS","Cook","0.79637300674692801"
"952",17031813802,"ILLINOIS","Cook","0.87128191629376195"
"953",17031813900,"ILLINOIS","Cook","0.98642301990828596"
"954",17031814000,"ILLINOIS","Cook","0.84972499688283598"
"955",17031814100,"ILLINOIS","Cook","0.78143832864604301"
"956",17031814200,"ILLINOIS","Cook","0.83779665008797299"
"957",17031814300,"ILLINOIS","Cook","0.91744364860558902"
"958",17031814400,"ILLINOIS","Cook","0.87184993280780299"
"959",17031814500,"ILLINOIS","Cook","0.86741663318601803"
"960",17031814600,"ILLINOIS","Cook","0.74101217771989902"
"961",17031814700,"ILLINOIS","Cook","0.80472700572172695"
"962",17031814800,"ILLINOIS","Cook","0.67657693852953005"
"963",17031814900,"ILLINOIS","Cook","0.84218838752580305"
"964",17031815000,"ILLINOIS","Cook","0.68425208849974395"
"965",17031815100,"ILLINOIS","Cook","0.66226569318795803"
"966",17031815200,"ILLINOIS","Cook","0.84924010473670397"
"967",17031815300,"ILLINOIS","Cook","0.58059600171790404"
"968",17031815400,"ILLINOIS","Cook","0.64982474612432595"
"969",17031815500,"ILLINOIS","Cook","0.59734556185145704"
"970",17031815600,"ILLINOIS","Cook","0.50507751347307495"
"971",17031815701,"ILLINOIS","Cook","0.15149416051315401"
"972",17031815702,"ILLINOIS","Cook","0.36819938765048998"
"973",17031815800,"ILLINOIS","Cook","0.48661004973608002"
"974",17031815900,"ILLINOIS","Cook","0.488438785830066"
"975",17031816000,"ILLINOIS","Cook","0.24513376096202599"
"976",17031816100,"ILLINOIS","Cook","0.70905085825909897"
"977",17031816200,"ILLINOIS","Cook","0.75934110084371198"
"978",17031816300,"ILLINOIS","Cook","0.74007010155026898"
"979",17031816401,"ILLINOIS","Cook","0.83776894196533702"
"980",17031816402,"ILLINOIS","Cook","0.72434574195425405"
"981",17031816500,"ILLINOIS","Cook","0.82451060528393905"
"982",17031816600,"ILLINOIS","Cook","0.89519402612875998"
"983",17031816700,"ILLINOIS","Cook","0.83358501544727803"
"984",17031816800,"ILLINOIS","Cook","0.64615341987503605"
"985",17031816900,"ILLINOIS","Cook","0.76087890165001903"
"986",17031817000,"ILLINOIS","Cook","0.73653731591416005"
"987",17031817101,"ILLINOIS","Cook","0.69370055831867095"
"988",17031817102,"ILLINOIS","Cook","0.68070544880231598"
"989",17031817200,"ILLINOIS","Cook","0.89843587647718903"
"990",17031817300,"ILLINOIS","Cook","0.88769897895568095"
"991",17031817400,"ILLINOIS","Cook","0.81064268990454502"
"992",17031817500,"ILLINOIS","Cook","0.87054765104390397"
"993",17031817600,"ILLINOIS","Cook","0.81485432454523998"
"994",17031817700,"ILLINOIS","Cook","0.64555769523835904"
"995",17031817900,"ILLINOIS","Cook","0.70104321081725096"
"996",17031818000,"ILLINOIS","Cook","0.56373560909380604"
"997",17031818100,"ILLINOIS","Cook","0.30841911306299402"
"998",17031818200,"ILLINOIS","Cook","0.33670910627450401"
"999",17031818300,"ILLINOIS","Cook","0.64066721159307805"
"1000",17031818401,"ILLINOIS","Cook","0.46402792978761698"
"1001",17031818402,"ILLINOIS","Cook","0.41401476842936502"
"1002",17031818500,"ILLINOIS","Cook","0.24467657693853001"
"1003",17031818600,"ILLINOIS","Cook","0.39057369667918201"
"1004",17031818700,"ILLINOIS","Cook","0.46007952231196603"
"1005",17031818800,"ILLINOIS","Cook","0.20963965586511699"
"1006",17031818900,"ILLINOIS","Cook","0.64661060389853298"
"1007",17031819000,"ILLINOIS","Cook","0.27543259306465701"
"1008",17031819100,"ILLINOIS","Cook","0.72751832199609301"
"1009",17031819200,"ILLINOIS","Cook","0.54882863911555702"
"1010",17031819300,"ILLINOIS","Cook","0.30575913328992399"
"1011",17031819400,"ILLINOIS","Cook","0.36358598523157099"
"1012",17031819500,"ILLINOIS","Cook","0.75932724678239405"
"1013",17031819600,"ILLINOIS","Cook","0.13344231861570199"
"1014",17031819700,"ILLINOIS","Cook","9.9582992754325902E-2"
"1015",17031819801,"ILLINOIS","Cook","7.4410163339382898E-2"
"1016",17031819802,"ILLINOIS","Cook","8.3803216913038103E-2"
"1017",17031819900,"ILLINOIS","Cook","5.26038708247323E-2"
"1018",17031820000,"ILLINOIS","Cook","0.20617614053559799"
"1019",17031820101,"ILLINOIS","Cook","0.17406242640029901"
"1020",17031820103,"ILLINOIS","Cook","0.64986630830828096"
"1021",17031820104,"ILLINOIS","Cook","0.54905030409664601"
"1022",17031820201,"ILLINOIS","Cook","0.19711558443357699"
"1023",17031820202,"ILLINOIS","Cook","0.66581233288538499"
"1024",17031820300,"ILLINOIS","Cook","0.86614205954475598"
"1025",17031820400,"ILLINOIS","Cook","0.90486416092877597"
"1026",17031820501,"ILLINOIS","Cook","0.34831880965905199"
"1027",17031820502,"ILLINOIS","Cook","0.89462600961471905"
"1028",17031820603,"ILLINOIS","Cook","0.79218908022886902"
"1029",17031820604,"ILLINOIS","Cook","0.60970338454717998"
"1030",17031820605,"ILLINOIS","Cook","0.73713304055083795"
"1031",17031820606,"ILLINOIS","Cook","0.387124035410981"
"1032",17031820700,"ILLINOIS","Cook","0.66464859173466695"
"1033",17031820800,"ILLINOIS","Cook","0.505022097227802"
"1034",17031820901,"ILLINOIS","Cook","0.49452071874870102"
"1035",17031820902,"ILLINOIS","Cook","0.80747010986270595"
"1036",17031821001,"ILLINOIS","Cook","0.48573724387304101"
"1037",17031821002,"ILLINOIS","Cook","0.632313212618279"
"1038",17031821101,"ILLINOIS","Cook","0.88654909186628095"
"1039",17031821102,"ILLINOIS","Cook","0.52537371330405502"
"1040",17031821200,"ILLINOIS","Cook","0.81971710006788501"
"1041",17031821300,"ILLINOIS","Cook","0.87035369418545006"
"1042",17031821401,"ILLINOIS","Cook","0.88221277067372295"
"1043",17031821402,"ILLINOIS","Cook","0.527590363114947"
"1044",17031821500,"ILLINOIS","Cook","0.69906208004876602"
"1045",17031821600,"ILLINOIS","Cook","0.42247959989470901"
"1046",17031821700,"ILLINOIS","Cook","0.34478602402294201"
"1047",17031821800,"ILLINOIS","Cook","0.322494839362159"
"1048",17031821900,"ILLINOIS","Cook","0.64994943267618899"
"1049",17031822000,"ILLINOIS","Cook","0.35272440115819997"
"1050",17031822101,"ILLINOIS","Cook","0.36391848270320398"
"1051",17031822102,"ILLINOIS","Cook","0.92186309416605505"
"1052",17031822200,"ILLINOIS","Cook","0.32388024549396699"
"1053",17031822301,"ILLINOIS","Cook","0.434407946689572"
"1054",17031822302,"ILLINOIS","Cook","0.91447887948352102"
"1055",17031822400,"ILLINOIS","Cook","0.66575691664011305"
"1056",17031822500,"ILLINOIS","Cook","0.45604799046840599"
"1057",17031822601,"ILLINOIS","Cook","0.57093972097920498"
"1058",17031822602,"ILLINOIS","Cook","0.66980230254499096"
"1059",17031822701,"ILLINOIS","Cook","0.59184549950818099"
"1060",17031822702,"ILLINOIS","Cook","0.61284825646638297"
"1061",17031822801,"ILLINOIS","Cook","0.47674595807761"
"1062",17031822802,"ILLINOIS","Cook","0.47753563957274098"
"1063",17031822900,"ILLINOIS","Cook","0.58983666061705997"
"1064",17031823001,"ILLINOIS","Cook","0.90058325598149103"
"1065",17031823002,"ILLINOIS","Cook","0.50733572546792105"
"1066",17031823101,"ILLINOIS","Cook","0.61300065114088198"
"1067",17031823102,"ILLINOIS","Cook","0.34869286931464"
"1068",17031823200,"ILLINOIS","Cook","0.40219725412504698"
"1069",17031823302,"ILLINOIS","Cook","0.56376331721644202"
"1070",17031823303,"ILLINOIS","Cook","0.57423698757290698"
"1071",17031823304,"ILLINOIS","Cook","0.67721422535016096"
"1072",17031823400,"ILLINOIS","Cook","0.65690417145786295"
"1073",17031823500,"ILLINOIS","Cook","0.78498496834346998"
"1074",17031823602,"ILLINOIS","Cook","0.52831077430348705"
"1075",17031823603,"ILLINOIS","Cook","0.87168368407198604"
"1076",17031823604,"ILLINOIS","Cook","0.135575844058686"
"1077",17031823605,"ILLINOIS","Cook","0.40056247488951402"
"1078",17031823702,"ILLINOIS","Cook","0.58164891037807698"
"1079",17031823703,"ILLINOIS","Cook","0.73882323603164302"
"1080",17031823704,"ILLINOIS","Cook","0.28549064158158"
"1081",17031823705,"ILLINOIS","Cook","0.75579446114628501"
"1082",17031823801,"ILLINOIS","Cook","0.31857414000914402"
"1083",17031823803,"ILLINOIS","Cook","0.51904240728169504"
"1084",17031823805,"ILLINOIS","Cook","0.34959338330031398"
"1085",17031823806,"ILLINOIS","Cook","0.50852717474127496"
"1086",17031823901,"ILLINOIS","Cook","0.31214585555755697"
"1087",17031823903,"ILLINOIS","Cook","0.44222163727296698"
"1088",17031823904,"ILLINOIS","Cook","0.14075726299164601"
"1089",17031824003,"ILLINOIS","Cook","0.35431761820977797"
"1090",17031824004,"ILLINOIS","Cook","0.45523060085063899"
"1091",17031824005,"ILLINOIS","Cook","5.9821836771449602E-2"
"1092",17031824006,"ILLINOIS","Cook","5.5277704659120797E-2"
"1093",17031824105,"ILLINOIS","Cook","0.136185422756681"
"1094",17031824106,"ILLINOIS","Cook","0.10946093847411401"
"1095",17031824107,"ILLINOIS","Cook","0.40139371856859801"
"1096",17031824108,"ILLINOIS","Cook","0.56983139607375899"
"1097",17031824113,"ILLINOIS","Cook","0.201091700031864"
"1098",17031824114,"ILLINOIS","Cook","0.13435668666269501"
"1099",17031824115,"ILLINOIS","Cook","0.51091007328798399"
"1100",17031824116,"ILLINOIS","Cook","0.40620107784597098"
"1101",17031824117,"ILLINOIS","Cook","6.9810614981781899E-2"
"1102",17031824119,"ILLINOIS","Cook","9.8433105664925705E-2"
"1103",17031824120,"ILLINOIS","Cook","0.31590030617475501"
"1104",17031824121,"ILLINOIS","Cook","0.189911472548178"
"1105",17031824122,"ILLINOIS","Cook","0.10372535708843"
"1106",17031824123,"ILLINOIS","Cook","0.20585749712528201"
"1107",17031824300,"ILLINOIS","Cook","0.78088416619332002"
"1108",17031824400,"ILLINOIS","Cook","0.50370596140258495"
"1109",17031824503,"ILLINOIS","Cook","0.17587730843296701"
"1110",17031824505,"ILLINOIS","Cook","0.20620384865823399"
"1111",17031824506,"ILLINOIS","Cook","0.256937421205026"
"1112",17031824507,"ILLINOIS","Cook","0.47645502278993102"
"1113",17031824601,"ILLINOIS","Cook","0.146672947174464"
"1114",17031824602,"ILLINOIS","Cook","0.42745320790789798"
"1115",17031824701,"ILLINOIS","Cook","0.42531968246491503"
"1116",17031824702,"ILLINOIS","Cook","0.52591402169545998"
"1117",17031824800,"ILLINOIS","Cook","0.77751762929302703"
"1118",17031824900,"ILLINOIS","Cook","0.66717003089455695"
"1119",17031825000,"ILLINOIS","Cook","0.422825951427661"
"1120",17031825200,"ILLINOIS","Cook","0.33927210761834797"
"1121",17031825302,"ILLINOIS","Cook","0.46152034468904601"
"1122",17031825303,"ILLINOIS","Cook","0.39482689350383099"
"1123",17031825304,"ILLINOIS","Cook","0.47728626646901501"
"1124",17031825400,"ILLINOIS","Cook","0.366703149028138"
"1125",17031825501,"ILLINOIS","Cook","0.70871836078746497"
"1126",17031825503,"ILLINOIS","Cook","0.43310566492567298"
"1127",17031825504,"ILLINOIS","Cook","0.441930701985287"
"1128",17031825505,"ILLINOIS","Cook","0.53313198764217695"
"1129",17031825600,"ILLINOIS","Cook","0.692384422493454"
"1130",17031825700,"ILLINOIS","Cook","0.91122317507377304"
"1131",17031825801,"ILLINOIS","Cook","0.76543688782366504"
"1132",17031825802,"ILLINOIS","Cook","0.779471051938876"
"1133",17031825803,"ILLINOIS","Cook","0.746747759105582"
"1134",17031825900,"ILLINOIS","Cook","0.85807899585763603"
"1135",17031826000,"ILLINOIS","Cook","0.74067968024826503"
"1136",17031826100,"ILLINOIS","Cook","0.84736980645876303"
"1137",17031826201,"ILLINOIS","Cook","0.59270445130990101"
"1138",17031826202,"ILLINOIS","Cook","0.68479239689114901"
"1139",17031826301,"ILLINOIS","Cook","0.66818137737077599"
"1140",17031826303,"ILLINOIS","Cook","0.674263310289411"
"1141",17031826304,"ILLINOIS","Cook","0.88068882392873504"
"1142",17031826401,"ILLINOIS","Cook","0.66967761599312803"
"1143",17031826402,"ILLINOIS","Cook","0.71736329504994401"
"1144",17031826500,"ILLINOIS","Cook","0.776506282816808"
"1145",17031826600,"ILLINOIS","Cook","0.77413723833141701"
"1146",17031826700,"ILLINOIS","Cook","0.77380474085978301"
"1147",17031826800,"ILLINOIS","Cook","0.83422230226791005"
"1148",17031826901,"ILLINOIS","Cook","0.826754963217467"
"1149",17031826902,"ILLINOIS","Cook","0.83057868414125602"
"1150",17031827000,"ILLINOIS","Cook","0.82778016375500496"
"1151",17031827100,"ILLINOIS","Cook","0.75724913758468304"
"1152",17031827200,"ILLINOIS","Cook","0.88019007772128399"
"1153",17031827300,"ILLINOIS","Cook","0.79540322245466299"
"1154",17031827400,"ILLINOIS","Cook","0.89009573156370803"
"1155",17031827500,"ILLINOIS","Cook","0.80553054127817603"
"1156",17031827600,"ILLINOIS","Cook","0.654992310995968"
"1157",17031827700,"ILLINOIS","Cook","0.78580235796123599"
"1158",17031827801,"ILLINOIS","Cook","0.94512406311910302"
"1159",17031827802,"ILLINOIS","Cook","0.52795056870921697"
"1160",17031827804,"ILLINOIS","Cook","0.45262603732284101"
"1161",17031827805,"ILLINOIS","Cook","0.40460786079439198"
"1162",17031827901,"ILLINOIS","Cook","0.651140881949544"
"1163",17031827902,"ILLINOIS","Cook","0.72408251478921004"
"1164",17031828000,"ILLINOIS","Cook","0.82032667876587995"
"1165",17031828100,"ILLINOIS","Cook","0.506393649298292"
"1166",17031828201,"ILLINOIS","Cook","0.51158892229257003"
"1167",17031828202,"ILLINOIS","Cook","0.46591208212687601"
"1168",17031828300,"ILLINOIS","Cook","0.40584087225170101"
"1169",17031828401,"ILLINOIS","Cook","0.21187015973732701"
"1170",17031828402,"ILLINOIS","Cook","0.81876116983693803"
"1171",17031828503,"ILLINOIS","Cook","0.62429171111511295"
"1172",17031828504,"ILLINOIS","Cook","0.57373824136545604"
"1173",17031828505,"ILLINOIS","Cook","0.471800058187058"
"1174",17031828506,"ILLINOIS","Cook","0.44091935550906702"
"1175",17031828601,"ILLINOIS","Cook","0.24185034842964201"
"1176",17031828602,"ILLINOIS","Cook","0.62592649035064596"
"1177",17031828701,"ILLINOIS","Cook","0.52366966376193202"
"1178",17031828702,"ILLINOIS","Cook","0.78118895554231704"
"1179",17031828801,"ILLINOIS","Cook","0.62980562751970703"
"1180",17031828802,"ILLINOIS","Cook","0.43839791634917802"
"1181",17031828900,"ILLINOIS","Cook","0.83546916778653701"
"1182",17031829000,"ILLINOIS","Cook","0.76493814161621498"
"1183",17031829100,"ILLINOIS","Cook","0.85424142087252897"
"1184",17031829200,"ILLINOIS","Cook","0.82934567268394699"
"1185",17031829301,"ILLINOIS","Cook","0.55316496030811402"
"1186",17031829302,"ILLINOIS","Cook","0.98167107687618604"
"1187",17031829401,"ILLINOIS","Cook","0.73674512683393101"
"1188",17031829402,"ILLINOIS","Cook","0.311951898699104"
"1189",17031829500,"ILLINOIS","Cook","0.93452570621077602"
"1190",17031829600,"ILLINOIS","Cook","0.480860614289079"
"1191",17031829700,"ILLINOIS","Cook","0.67556559205331002"
"1192",17031829800,"ILLINOIS","Cook","0.29063049833058602"
"1193",17031829901,"ILLINOIS","Cook","0.37227248167800397"
"1194",17031829902,"ILLINOIS","Cook","0.66444078081489599"
"1195",17031830001,"ILLINOIS","Cook","0.40707388370900899"
"1196",17031830003,"ILLINOIS","Cook","0.29931699477701901"
"1197",17031830004,"ILLINOIS","Cook","0.53317354982613197"
"1198",17031830005,"ILLINOIS","Cook","0.52928055859575196"
"1199",17031830006,"ILLINOIS","Cook","0.44485390892340099"
"1200",17031830007,"ILLINOIS","Cook","0.60910765991050297"
"1201",17031830008,"ILLINOIS","Cook","0.252102353805018"
"1202",17031830100,"ILLINOIS","Cook","0.150399689669026"
"1203",17031830201,"ILLINOIS","Cook","0.638464415843505"
"1204",17031830202,"ILLINOIS","Cook","0.41653620758925503"
"1205",17031830300,"ILLINOIS","Cook","0.58592981532536303"
"1206",17031830400,"ILLINOIS","Cook","0.5207326027625"
"1207",17031830500,"ILLINOIS","Cook","0.85917346670176398"
"1208",17031830600,"ILLINOIS","Cook","0.88462337734306795"
"1209",17031830700,"ILLINOIS","Cook","0.97387124035410999"
"1210",17031830800,"ILLINOIS","Cook","0.28665438273229799"
"1211",17031830900,"ILLINOIS","Cook","0.40959532286889899"
"1212",17031831000,"ILLINOIS","Cook","0.13463376788905701"
"1213",17031831100,"ILLINOIS","Cook","0.689641318352475"
"1214",17031831200,"ILLINOIS","Cook","0.92327620842049896"
"1215",17031831300,"ILLINOIS","Cook","0.75489394716060998"
"1216",17031831400,"ILLINOIS","Cook","0.98458042975298199"
"1217",17031831500,"ILLINOIS","Cook","0.85562682700433601"
"1218",17031831600,"ILLINOIS","Cook","0.89573433452016504"
"1219",17031831700,"ILLINOIS","Cook","0.81907981324725299"
"1220",17031831800,"ILLINOIS","Cook","0.63094166054779"
"1221",17031831900,"ILLINOIS","Cook","0.40891647386431301"
"1222",17031832000,"ILLINOIS","Cook","0.27910391931394701"
"1223",17031832100,"ILLINOIS","Cook","0.53252240894418201"
"1224",17031832200,"ILLINOIS","Cook","0.22018259652817199"
"1225",17031832300,"ILLINOIS","Cook","0.26096895304858603"
"1226",17031832400,"ILLINOIS","Cook","0.42978069020933501"
"1227",17031832500,"ILLINOIS","Cook","0.65835884789626098"
"1228",17031832600,"ILLINOIS","Cook","0.14487191920311401"
"1229",17031832900,"ILLINOIS","Cook","0.36551169975478298"
"1230",17031833000,"ILLINOIS","Cook","0.19222510078829599"
"1231",17031833100,"ILLINOIS","Cook","0.385101342458542"
"1232",17031833300,"ILLINOIS","Cook","0.53806403347141196"
"1233",17031833900,"ILLINOIS","Cook","0.95640126903201705"
"1234",17031834000,"ILLINOIS","Cook","0.64692924730884904"
"1235",17031834200,"ILLINOIS","Cook","0.81187570136185405"
"1236",17031834300,"ILLINOIS","Cook","0.68868538812152802"
"1237",17031834400,"ILLINOIS","Cook","0.80253806403347105"
"1238",17031834500,"ILLINOIS","Cook","0.70241476288774096"
"1239",17031834600,"ILLINOIS","Cook","0.84663554120890505"
"1240",17031834700,"ILLINOIS","Cook","0.91503304193624402"
"1241",17031834800,"ILLINOIS","Cook","0.91274712181876105"
"1242",17031834900,"ILLINOIS","Cook","0.81805461270971602"
"1243",17031835000,"ILLINOIS","Cook","0.97197323395353397"
"1244",17031835100,"ILLINOIS","Cook","0.91472825258724599"
"1245",17031835200,"ILLINOIS","Cook","0.72513542344938398"
"1246",17031835500,"ILLINOIS","Cook","0.85334090688685404"
"1247",17031835600,"ILLINOIS","Cook","0.60456352779817402"
"1248",17031835700,"ILLINOIS","Cook","0.55679472437345001"
"1249",17031835800,"ILLINOIS","Cook","0.81161247419681104"
"1250",17031835900,"ILLINOIS","Cook","0.90076335877862601"
"1251",17031836000,"ILLINOIS","Cook","0.74288247599783896"
"1252",17031836100,"ILLINOIS","Cook","0.75485238497665597"
"1253",17031836200,"ILLINOIS","Cook","0.27230157520677201"
"1254",17031836300,"ILLINOIS","Cook","0.56466383120211705"
"1255",17031836400,"ILLINOIS","Cook","0.80981144622546097"
"1256",17031836500,"ILLINOIS","Cook","0.72563416965683503"
"1257",17031836600,"ILLINOIS","Cook","0.86503373463930999"
"1258",17031836700,"ILLINOIS","Cook","0.922625067538549"
"1259",17031836800,"ILLINOIS","Cook","0.87547969687313798"
"1260",17031836900,"ILLINOIS","Cook","0.93290478103656105"
"1261",17031837000,"ILLINOIS","Cook","0.82280655574181605"
"1262",17031837100,"ILLINOIS","Cook","0.87302752801983896"
"1263",17031837300,"ILLINOIS","Cook","0.88039788864105495"
"1264",17031837400,"ILLINOIS","Cook","0.927848048655463"
"1265",17031837800,"ILLINOIS","Cook","0.83066180850916405"
"1266",17031838000,"ILLINOIS","Cook","0.78792202934290201"
"1267",17031838100,"ILLINOIS","Cook","0.76319252989013697"
"1268",17031838200,"ILLINOIS","Cook","0.33629348443496199"
"1269",17031838300,"ILLINOIS","Cook","0.41636995885343803"
"1270",17031838600,"ILLINOIS","Cook","0.93672850196034996"
"1271",17031838700,"ILLINOIS","Cook","0.88150621354650105"
"1272",17031838800,"ILLINOIS","Cook","0.73879552790900604"
"1273",17031839000,"ILLINOIS","Cook","0.42594311522422801"
"1274",17031839100,"ILLINOIS","Cook","0.50543771906734503"
"1275",17031839200,"ILLINOIS","Cook","0.74433715243623699"
"1276",17031839500,"ILLINOIS","Cook","0.94361397043543305"
"1277",17031839600,"ILLINOIS","Cook","0.651251714440088"
"1278",17031839700,"ILLINOIS","Cook","0.75801111095717699"
"1279",17031839800,"ILLINOIS","Cook","0.70238705476510399"
"1280",17031839900,"ILLINOIS","Cook","0.64751111788420801"
"1281",17031840000,"ILLINOIS","Cook","0.62387608927557103"
"1282",17031840100,"ILLINOIS","Cook","0.80386805392000704"
"1283",17031840200,"ILLINOIS","Cook","0.69920062066194699"
"1284",17031840300,"ILLINOIS","Cook","0.78260206979676095"
"1285",17031840400,"ILLINOIS","Cook","0.808855515994514"
"1286",17031840700,"ILLINOIS","Cook","0.95192640722627797"
"1287",17031840800,"ILLINOIS","Cook","0.89350383064795402"
"1288",17031841000,"ILLINOIS","Cook","0.32160817943780201"
"1289",17031841100,"ILLINOIS","Cook","0.86327426885191405"
"1290",17031841200,"ILLINOIS","Cook","0.73150829165569897"
"1291",17031841300,"ILLINOIS","Cook","0.82657486042033201"
"1292",17031841400,"ILLINOIS","Cook","0.87534115625995801"
"1293",17031841500,"ILLINOIS","Cook","0.86508915088458205"
"1294",17031841600,"ILLINOIS","Cook","0.93916681675233105"
"1295",17031841700,"ILLINOIS","Cook","0.98480209473407099"
"1296",17031841800,"ILLINOIS","Cook","0.78664745570163896"
"1297",17031841900,"ILLINOIS","Cook","0.50302711239799902"
"1298",17031842000,"ILLINOIS","Cook","0.73332317368836697"
"1299",17031842100,"ILLINOIS","Cook","0.95098433105664903"
"1300",17031842200,"ILLINOIS","Cook","0.27863288122913199"
"1301",17031842300,"ILLINOIS","Cook","0.22231612197115599"
"1302",17031842400,"ILLINOIS","Cook","0.75260802704312801"
"1303",17031842500,"ILLINOIS","Cook","0.73958520940413697"
"1304",17031842600,"ILLINOIS","Cook","0.66186392540973404"
"1305",17031842800,"ILLINOIS","Cook","0.86961942893559296"
"1306",17031842900,"ILLINOIS","Cook","0.80846760227760806"
"1307",17031843000,"ILLINOIS","Cook","0.92945511976836004"
"1308",17031843100,"ILLINOIS","Cook","0.81704326623349599"
"1309",17031843200,"ILLINOIS","Cook","0.68285282830661798"
"1310",17031843300,"ILLINOIS","Cook","0.93478893337581903"
"1311",17031843400,"ILLINOIS","Cook","0.903021570773472"
"1312",17031843500,"ILLINOIS","Cook","0.82890234272176899"
"1313",17031843600,"ILLINOIS","Cook","0.83618957897507695"
"1314",17031843700,"ILLINOIS","Cook","0.42547207713941299"
"1315",17031843800,"ILLINOIS","Cook","0.76423158448899298"
"1316",17031843900,"ILLINOIS","Cook","0.83635582771089301"
"1317",17031980000,"ILLINOIS","Cook","NULL"
"1318",17031980100,"ILLINOIS","Cook","NULL"
